threshold,unsafe_acceptance_rate,false_rejection_rate,mean_reward
0.3,0.04225352112676056,0.0946372239747634,0.8878865979381443
0.4,0.056338028169014086,0.06624605678233439,0.9117268041237113
0.5,0.056338028169014086,0.05993690851735016,0.9181701030927835
0.6,0.15492957746478872,0.050473186119873815,0.8917525773195877
0.7,0.5211267605633803,0.04416403785488959,0.7641752577319587
0.8,0.9436619718309859,0.03470031545741325,0.6192010309278351
